# yumete 寫作進度：日期	檔名	起	現
目標	2000
2026-10-01	bom-crlf.csv	0	0
2026-10-01	bom.csv	0	0
2026-10-01	bom.md	2	2
2026-10-01	book.md	240000	360000
2026-10-01	ch01.md	4	5
2026-10-01	ch1.md	3	4
2026-10-01	crlf.md	0	0
2026-10-01	draft.md	100	3100
2026-10-01	h.csv	2	2
2026-10-01	lf.md	0	0
2026-10-01	long.md	400000	400001
2026-10-01	mixed.md	0	0
2026-10-01	new.md	160000	160000
2026-10-01	yumete-editor-write-58408.md	2	2
2026-10-01	yumete-editor-write-58597.md	2	2
2026-10-01	yumete-editor-write-61259.md	2	2
2026-10-01	yumete-editor-write-63430.md	2	2
2026-10-01	yumete-editor-write-65167.md	2	2
2026-10-01	yumete-editor-write-65456.md	2	2
2026-10-01	yumete-editor-write-65748.md	2	2
2026-10-01	一.md	10	10
